instance, nVertices, nEdges, avTime, avMemory, avmaxLenBefore, avmaxDegBefore, avmaxLenAfter, avmaxDegAfter, hvTime, hvMemory, hvmaxLenBefore, hvmaxDegBefore, hvmaxLenAfter, hvmaxDegAfter, lvTime, lvMemory, lvTrials, lvTimeA, lvMemoryA, lvTimeB, lvMemory, lvmaxLenBefore, lvmaxDegBefore, lvmaxLenAfter, lvmaxDegAfter, avfTime, avfMemory, avfmaxLenBefore, avfmaxDegBefore, avfmaxLenAfter, avfmaxDegAfter, hvfTime, hvfMemory, hvfmaxLenBefore, hvfmaxDegBefore, hvfmaxLenAfter, hvfmaxDegAfter, lvfTime, lvfMemory, lvfTrials, lvfTimeA, lvfMemoryA, lvfTimeB, lvfMemory, lvfmaxLenBefore, lvfmaxDegBefore, lvfmaxLenAfter, lvfmaxDegAfter
$K_{3,2}$, 5, 6, 0.043371981, 57914956, 2, 2, 184, 7, 0.003109552, 813208, 2, 2, 8, 5, 0.023652374, 6801736, 1, 0.000512561, 211992, 0.008066791, 1793488, n/a, n/a, n/a, n/a, 0.010019594, 6856800, 2, 2, 2, 2, 0.003075988, 746008, 2, 2, 1, 0, 0.025227773, 6801760, 1, 0.000539632, 212016, 0.008431081, 1793488, n/a, n/a, n/a, n/a
$K_{2,3}$, 5, 6, 0.057799729, 69725564, 2, 2, 184, 7, 0.003225793, 897824, 2, 2, 6, 4, 0.02747486, 6804032, 1, 0.000768322, 214288, 0.009271499, 1793488, n/a, n/a, n/a, n/a, 0.010429451, 8624944, 2, 2, 2, 2, 0.003387707, 815816, 2, 2, 1, 1, 0.027052776, 6804032, 1, 0.000740269, 214288, 0.009028613, 1793488, n/a, n/a, n/a, n/a
$K_{3,3}$, 6, 9, 1.889451845, 1326241604, 2, 2, 1392, 10, 0.008698173, 6498184, 2, 2, 22, 6, 0.028236547, 9528648, 1, 0.000665608, 263864, 0.011402545, 4468528, 2, 2, 16, 6, 0.132333948, 106823380, 2, 2, 2, 2, 0.006822255, 7558160, 2, 2, 1, 1, 0.029159218, 14486240, 1, 0.000727654, 263848, 0.012947403, 9426136, 2, 2, 1, 0
$K_{4,2}$, 6, 8, 1.248992513, 790243408, 2, 2, 1080, 8, 0.005219048, 2392568, 2, 2, 16, 6, 0.027102578, 6928304, 1, 0.000705383, 248232, 0.009710735, 1883816, n/a, n/a, n/a, n/a, 0.075058503, 58516944, 2, 2, 2, 2, 0.005084156, 2452560, 2, 2, 1, 0, 0.026579618, 6928360, 1, 0.000779202, 248288, 0.009750229, 1883816, n/a, n/a, n/a, n/a
$K_{2,4}$, 6, 8, 1.78205394, 1336399628, 2, 2, 1080, 8, 0.007499377, 3174080, 2, 2, 8, 5, 0.026901852, 6938096, 1, 0.000675837, 258024, 0.009552538, 1883816, n/a, n/a, n/a, n/a, 0.124493793, 94561584, 2, 2, 2, 2, 0.005056134, 3070800, 2, 2, 2, 2, 0.028287551, 6937920, 1, 0.000869882, 257848, 0.010112891, 1883816, n/a, n/a, n/a, n/a
$K_{4,3}$, 7, 12, 94.96877756, 69186541516, 2, 2, 10128, 11, 0.022842031, 46012684, 2, 2, 70, 7, 0.039071437, 23779256, 1, 0.000869641, 340600, 0.02193557, 18642400, 2, 2, 70, 7, 4.79956584, 3402033912, 2, 2, 2, 2, 0.022136728, 48656104, 2, 2, 1, 1, 0.049687302, 55749024, 1, 0.001032667, 340512, 0.031564464, 50612256, 2, 2, 1, 0
$K_{3,4}$, 7, 12, 111.890005602, 76863831488, 2, 2, 10128, 11, 0.026383956, 51058232, 2, 2, 36, 6, 0.041176036, 27482248, 1, 0.000987372, 352736, 0.023915916, 22333256, 2, 2, 36, 6, 5.648936677, 4019169740, 2, 2, 2, 2, 0.02811291, 52866620, 2, 2, 1, 2, 0.055150872, 59764484, 1, 0.001184031, 354376, 0.037081615, 54613852, 2, 2, 1, 0
$K_{4,4}$, 8, 16, oom, oom, oom, oom, oom, oom, 0.208816901, 329624616, 2, 2, 240, 8, 0.176554184, 213614712, 1, 0.001834481, 496208, 0.157427437, 208322248, 2, 2, 156, 7, 375.51891305, 206402152564, 2, 2, 2, 2, 0.274911522, 359016856, 2, 2, 1, 1, 0.325329553, 366245872, 1, 0.001554666, 495744, 0.307278005, 360953872, 2, 2, 1, 0
$K_{5,2}$, 7, 10, 78.662499112, 35446602388, 2, 2, 7344, 9, 0.008969641, 6654944, 2, 2, 32, 7, 0.027249304, 7047456, 1, 0.000824847, 301520, 0.010469859, 1949680, n/a, n/a, n/a, n/a, 2.281999084, 1568025408, 2, 2, 2, 2, 0.007389881, 8170904, 2, 2, 1, 0, 0.028387629, 7047584, 1, 0.000849173, 301648, 0.010666699, 1949680, n/a, n/a, n/a, n/a
$K_{2,5}$, 7, 10, 101.686177904, 61253391776, 2, 2, 7344, 9, 0.011951028, 11445228, 2, 2, 8, 5, 0.028867631, 7073952, 1, 0.001076659, 328016, 0.010750477, 1949680, n/a, n/a, n/a, n/a, 5.153992763, 3348373252, 2, 2, 2, 2, 0.010032168, 12160836, 2, 2, 2, 2, 0.027619508, 7073864, 1, 0.000936988, 327928, 0.010297676, 1949680, n/a, n/a, n/a, n/a
$K_{5,3}$, 8, 15, oom, oom, oom, oom, oom, oom, 0.156258208, 225992696, 2, 2, 214, 8, 0.089221798, 103512696, 1, 0.001479264, 448032, 0.069688796, 98268408, 2, 2, 214, 8, 254.166751081, 141929928804, 2, 2, 2, 2, 0.169106136, 213143652, 2, 2, 1, 1, 0.184282575, 220252492, 1, 0.001182007, 448504, 0.166755756, 215007732, 2, 2, 1, 0
$K_{3,5}$, 8, 15, oom, oom, oom, oom, oom, oom, 0.172199362, 263970252, 2, 2, 66, 7, 0.084571195, 109703432, 1, 0.001842396, 497104, 0.065759189, 104410072, 2, 2, 36, 6, 393.832203152, 217105659132, 2, 2, 2, 2, 0.167067926, 249838772, 2, 2, 2, 2, 0.21092332, 256938556, 1, 0.001620259, 498512, 0.192800004, 251643788, 2, 2, 1, 0
$K_{5,4}$, 9, 20, oom, oom, oom, oom, oom, oom, 1.146032007, 1868214472, 2, 2, 1068, 9, 0.717573974, 1129965100, 1, 0.002681691, 697664, 0.698119452, 1124471180, 2, 2, 1068, 9, oom, oom, oom, oom, oom, oom, 1.531552172, 2188026724, 2, 2, 1, 1, 1.636894576, 2195532580, 1, 0.002888658, 696592, 1.616533655, 2190039732, 2, 2, 1, 0
$K_{4,5}$, 9, 20, oom, oom, oom, oom, oom, oom, 1.374407277, 1902783084, 2, 2, 480, 8, 0.718039577, 978583200, 1, 0.002978207, 747960, 0.698520912, 973038984, 2, 2, 414, 8, oom, oom, oom, oom, oom, oom, 1.716454947, 2165519948, 2, 2, 1, 2, 1.834656101, 2172246348, 1, 0.003372496, 749296, 1.814162355, 2166700796, 2, 2, 1, 0
$K_{5,5}$, 10, 25, oot, oot, oot, oot, oot, oot, 10.732703654, 11768692816, 2, 2, 4404, 10, 4.776074741, 6727757160, 1, 0.006031214, 1095488, 4.752967004, 6721865416, 2, 2, 2394, 9, oom, oom, oom, oom, oom, oom, 25.826966296, 20723573276, 2, 2, 1, 1, 26.658985775, 20731632052, 1, 0.005319877, 1100912, 26.638755734, 20725734884, 2, 2, 1, 0
$K_{6,2}$, 8, 12, oom, oom, oom, oom, oom, oom, 0.011590931, 14322480, 2, 2, 64, 8, 0.026120697, 7192656, 1, 0.000777248, 375208, 0.010442248, 2021192, n/a, n/a, n/a, n/a, 138.630405621, 73870292672, 2, 2, 2, 2, 0.01800304, 23399080, 2, 2, 1, 0, 0.026204626, 7192584, 1, 0.000781386, 375136, 0.010493214, 2021192, n/a, n/a, n/a, n/a
$K_{2,6}$, 8, 12, oom, oom, oom, oom, oom, oom, 0.024907521, 34018716, 2, 2, 8, 5, 0.029044381, 7251272, 1, 0.001345174, 433824, 0.011192564, 2021192, n/a, n/a, n/a, n/a, 366.086551251, 198838972496, 2, 2, 2, 2, 0.021688764, 34805264, 2, 2, 2, 2, 0.029085998, 7251344, 1, 0.001266887, 433896, 0.011191042, 2021192, n/a, n/a, n/a, n/a
$K_{6,3}$, 9, 18, oom, oom, oom, oom, oom, oom, 0.687694858, 1067454664, 2, 2, 646, 9, 0.46752815, 541387892, 1, 0.00190288, 593672, 0.448112233, 535997964, 2, 2, 646, 9, oom, oom, oom, oom, oom, oom, 0.641429955, 908501340, 2, 2, 1, 1, 0.698341546, 915729748, 1, 0.001880107, 594480, 0.67911927, 910339012, 2, 2, 1, 0
$K_{3,6}$, 9, 18, oom, oom, oom, oom, oom, oom, 0.531810698, 1075019168, 2, 2, 66, 7, 0.286131639, 392004564, 1, 0.003275975, 716512, 0.26415173, 386491796, 2, 2, 36, 6, oom, oom, oom, oom, oom, oom, 0.541984396, 1013392640, 2, 2, 2, 2, 0.574287446, 1020639648, 1, 0.003007111, 713200, 0.555961272, 1015130192, 2, 2, 1, 0
$K_{6,4}$, 10, 24, oot, oot, oot, oot, oot, oot, 9.647297442, 10853964144, 2, 2, 4671, 10, 4.86693409, 6074348720, 1, 0.003856665, 969128, 4.848093289, 6068583336, 2, 2, 4452, 10, oom, oom, oom, oom, oom, oom, 12.677873303, 12995908172, 2, 2, 1, 1, 13.105688185, 13003380420, 1, 0.004006094, 968664, 13.085185577, 12997615500, 2, 2, 1, 0
$K_{4,6}$, 10, 24, oot, oot, oot, oot, oot, oot, 6.982724655, 8118930088, 2, 2, 960, 9, 2.635998781, 3525988568, 1, 0.005586408, 1137304, 2.61573488, 3520055008, 2, 2, 414, 8, oom, oom, oom, oom, oom, oom, 9.852839982, 10304914948, 2, 2, 2, 2, 9.862813601, 10309390724, 1, 0.005632224, 1136824, 9.842493775, 10303457644, 2, 2, 1, 0
$K_{6,5}$, 11, 30, oot, oot, oot, oot, oot, oot, 252.01370531, 197918803052, 2, 2, 24504, 11, 110.4249837, 95069766784, 1, 0.00914685, 1561360, 110.401457885, 95063409168, 2, 2, 24504, 11, oot, oot, oot, oot, oot, oot, oom, oom, oom, oom, oom, oom, oom, oom, oom, oom, oom, oom, oom, oom, oom, oom, oom
